model,accuracy,precision_macro,precision_weighted,recall_macro,recall_weighted,f1_macro,f1_weighted
LightGBM_Tuned,0.7799403069583273,0.6426114043771083,0.8453177389491648,0.7606057267412325,0.7799403069583273,0.6329199952461555,0.7963172807803998
RandomForest_Tuned_Undersampled,0.7786853819967462,0.6399544961397428,0.844969208814328,0.7511254507301992,0.7786853819967462,0.6285754347442264,0.7953299752971289
CatBoost_Tuned_Undersampled,0.7778351179673897,0.6405797395393593,0.8473595947258727,0.7577421375240735,0.7778351179673897,0.6297431854527055,0.7946634909425657
AdaBoost_Tuned_Undersampled,0.6819736408629465,0.5141866854510369,0.6737503690052775,0.5214275801677569,0.6819736408629465,0.4812712280182357,0.6733568192385562
XGBoost_Tuned_Undersampled,0.7789389695142735,0.6409656159949741,0.8450742216787926,0.7580080942864581,0.7789389695142735,0.6301316279027676,0.7955346675476885
LogisticRegression_Tuned_Undersampled,0.5520482825555274,0.3451096178598481,0.6244133132580392,0.34277020697679794,0.5520482825555274,0.282276578240297,0.5589828642594626
LinearSVM_Tuned_Undersampled,0.7054325492115301,0.5516608245964565,0.8193376389071655,0.612698060155719,0.7054325492115301,0.5277508224352665,0.7267965081901088
