Label_Binary,count,pct
1,19957932,95.01406315757401
0,1047308,4.985936842425985
