Label_Family,count,pct
DDOS,12292078,58.519102852431104
DOS,4178919,19.89465009683298
MIRAI,2359183,11.231402259626645
BENIGN,1047308,4.985936842425985
RECON,655464,3.120478509171997
SPOOFING,436061,2.075962950197189
WEB,23707,0.11286231435584644
BRUTE_FORCE,12520,0.05960417495824851
