type,class_index,class_name,roc_auc
per_class,0.0,BENIGN,0.9956244332036855
per_class,1.0,BRUTE_FORCE,0.9920453529253834
per_class,2.0,DDOS,0.9400993813095138
per_class,3.0,DOS,0.9093190906739484
per_class,4.0,MIRAI,0.9999898011941573
per_class,5.0,RECON,0.9923970779086835
per_class,6.0,SPOOFING,0.9975475061534342
per_class,7.0,WEB,0.9900488131497297
aggregate,,micro_average,0.9839300386157465
aggregate,,macro_average,0.9771339827213892
