Model,Accuracy,Precision,Recall,F1
Logistic Regression,0.6229375,0.637139154947188,0.6229374999999999,0.6221971970066769
Linear SVM,0.6179375,0.645691774632574,0.6179375,0.6169912838911357
