Protocol_Type,count,pct
6,11895074,56.62907922023267
17,5185084,24.684716765911745
1,2333806,11.110589548131799
47,1577931,7.512082699364539
0,13342,0.06351748420870221
2,3,1.4282150549101082e-05
